stratum	rg	n_instances	power_any_causal	mean_n_cs	median_best_cs_size	mean_causal_pip
high	0.5	750.0	0.8746666666666667	1.1693333333333333	4.0	0.5124455282473533
high	0.7	750.0	0.868	1.164	3.0	0.5501657167385308
high	1.0	2250.0	0.8346666666666667	1.1386666666666667	2.0	0.6298736623209078
low	0.5	840.0	0.8904761904761904	1.186904761904762	1.0	0.7239981112037036
low	0.7	840.0	0.8892857142857142	1.1654761904761906	1.0	0.7196149818849992
low	1.0	2520.0	0.8511904761904762	1.144047619047619	1.0	0.7721344793618996
medium	0.5	780.0	0.9423076923076923	1.2602564102564102	2.0	0.6121818988388149
medium	0.7	780.0	0.9576923076923077	1.2717948717948717	3.0	0.5747990782889182
medium	1.0	2340.0	0.9102564102564102	1.2290598290598291	1.0	0.6868977131612709
